id,person_id,bank_id
1,685-29-3762,59630-112
2,307-86-4146,50114-2282
3,643-85-8364,0187-0798
4,267-84-4305,59021-012
5,737-39-6279,41167-0850
6,685-29-3762,13811-647
7,848-01-9094,68462-385
8,737-39-6279,64679-217
9,380-33-3471,50114-2282
10,127-07-1934,49708-146
11,751-79-3881,53808-0776
12,838-85-9491,13811-647
13,776-52-9204,13811-647
14,312-06-7133,42213-162
15,468-77-4288,46414-8888
16,307-86-4146,0517-2710
17,815-75-0678,46414-8888
18,318-72-3945,11822-0323
19,897-83-6353,0517-2710
20,329-95-9039,0517-2710
21,585-26-7329,64679-217
22,811-29-1135,0187-0798
23,827-17-8065,42213-162
24,505-06-4182,43742-0088
25,114-77-8561,43553-3249
26,322-84-0335,11822-0323
27,180-68-7704,21695-703
28,592-89-3532,21130-294
29,178-82-4865,57520-0509
30,127-07-1934,68462-385
31,231-62-0816,21695-703
32,811-96-4434,41167-0850
33,869-07-9041,36987-1194
34,737-39-6279,0071-0222
35,867-72-5617,0517-2710
36,751-79-3881,0143-9669
37,665-74-7482,68462-385
38,462-20-3505,41167-0850
39,316-16-8079,36987-1194
40,685-29-3762,11822-0323
41,542-47-0145,0904-6302
42,380-33-3471,53808-0776
43,132-36-8264,21695-703
44,211-62-3861,21695-703
45,187-44-4055,21130-294
46,857-48-4236,54838-154
47,884-38-3542,0904-5834
48,869-07-9041,11822-0323
49,652-85-6112,43553-3249
50,350-76-4581,53808-0776
51,815-75-0678,57520-0522
52,500-80-0113,57520-0522
53,316-16-8079,0143-9669
54,652-85-6112,21695-703
55,180-68-7704,54868-3742
56,350-76-4581,36987-1194
57,267-02-2620,13811-647
58,114-49-3228,0904-5834
59,857-48-4236,0071-0222
60,289-48-9142,57520-0522
61,782-21-0023,52054-513
62,782-21-0023,21695-703
63,329-95-9039,59021-012
64,665-74-7482,59630-112
65,782-21-0023,13811-647
66,231-62-0816,42213-162
67,722-67-8736,43553-3249
68,452-71-0670,64679-217
69,776-52-9204,0187-0798
70,857-48-4236,36987-1194
71,814-47-7782,0071-0222
72,664-94-4158,53808-0776
73,867-72-5617,0143-9669
74,132-36-8264,0143-9669
75,506-40-7881,11822-0323
76,844-81-0333,0187-0798
77,114-77-8561,36987-1194
78,848-01-9094,59021-012
79,814-47-7782,60432-830
80,722-67-8736,0071-0222
81,577-36-4160,21695-703
82,280-72-2823,0904-6302
83,751-79-3881,50114-2282
84,844-81-0333,36987-1194
85,830-73-2137,41167-0850
86,838-85-9491,43742-0088
87,452-71-0670,57520-0522
88,816-07-9951,68462-385
89,307-86-4146,59021-012
90,473-92-2173,54838-154
91,484-85-3577,21695-703
92,505-06-4182,42213-162
93,616-64-4164,59630-112
94,815-75-0678,64679-217
95,782-21-0023,42213-162
96,484-97-3669,0517-2710
97,448-98-4201,41167-0850
98,811-29-1135,53808-0776
99,114-77-8561,59630-112
100,869-07-9041,21695-703
101,776-52-9204,42213-162
102,289-48-9142,59021-012
103,114-77-8561,59021-012
104,462-20-3505,43553-3249
105,897-83-6353,11822-0323
106,468-77-4288,53808-0776
107,307-86-4146,64679-217
108,473-92-2173,11822-0323
109,473-92-2173,60432-830
110,500-80-0113,57520-0509
111,322-84-0335,53808-0776
112,289-48-9142,0187-0798
113,897-83-6353,41520-410
114,267-02-2620,41167-0850
115,616-64-4164,11822-0323
116,652-85-6112,21130-294
117,132-36-8264,0143-9669
118,816-07-9951,59021-012
119,506-40-7881,52054-513
120,848-01-9094,60432-830
121,484-85-3577,11822-0323
122,685-29-3762,49708-146
123,276-64-0016,64679-217
124,592-89-3532,54838-154
125,897-83-6353,43553-3249
126,604-17-4858,41167-0850
127,782-21-0023,57520-0522
128,577-36-4160,53808-0776
129,827-17-8065,41167-0850
130,473-92-2173,54868-3742
131,604-17-4858,0187-0798
132,610-96-4049,0517-2710
133,751-79-3881,54838-154
134,293-16-7638,68462-385
135,484-97-3669,21695-703
136,879-10-1534,41167-0850
137,811-96-4434,41520-410
138,542-47-0145,11822-0323
139,106-52-3658,0904-5834
140,884-38-3542,21130-294
141,838-85-9491,59630-112
142,127-07-1934,42213-162
143,652-85-6112,13811-647
144,267-84-4305,43553-3249
145,505-06-4182,0187-0798
146,736-74-0267,60432-830
147,782-21-0023,21130-294
148,879-10-1534,0071-0222
149,616-64-4164,41167-0850
150,652-88-6983,43742-0088
151,776-52-9204,0517-2710
152,230-71-0031,41167-0850
153,838-85-9491,13811-647
154,726-98-9896,36987-1194
155,867-72-5617,59630-112
156,610-96-4049,64679-217
157,746-67-6269,42213-162
158,700-19-8202,46414-8888
159,827-17-8065,0517-2710
160,505-06-4182,36987-1194
161,230-71-0031,13811-647
162,178-82-4865,36987-1194
163,106-52-3658,21130-294
164,484-97-3669,53808-0776
165,484-85-3577,43742-0088
166,776-97-0801,49708-146
167,187-44-4055,0904-5834
168,280-72-2823,0071-0222
169,267-84-4305,46414-8888
170,106-52-3658,0517-2710
171,815-75-0678,52054-513
172,423-59-5269,57520-0509
173,722-67-8736,49708-146
174,652-85-6112,43742-0088
175,506-40-7881,43553-3249
176,897-83-6353,60432-830
177,592-89-3532,42213-162
178,879-10-1534,54868-3742
179,722-41-3663,21130-294
180,577-36-4160,13811-647
181,183-60-8437,68462-385
182,577-36-4160,43742-0088
183,133-42-9805,46414-8888
184,452-71-0670,43742-0088
185,577-36-4160,53808-0776
186,745-18-6689,36987-1194
187,533-01-1119,46414-8888
188,180-68-7704,0517-2710
189,585-26-7329,57520-0509
190,827-17-8065,41167-0850
191,533-01-1119,13811-647
192,751-79-3881,68462-385
193,380-33-3471,59021-012
194,776-97-0801,0187-0798
195,183-60-8437,42213-162
196,180-68-7704,41520-410
197,554-99-3518,59630-112
198,533-01-1119,50114-2282
199,132-36-8264,41167-0850
200,867-72-5617,43553-3249
